{
  "name": "Steps",
  "form": "0032b1c3-d2c1-4a66-81cd-6e89c9ae9fd8",
  "blocks": [
    {
      "id": "d9d91012-6004-4c6d-bc5a-b26a68478287",
      "label": "Convert Time",
      "environment": "HOSTED",
      "presentation": "{\"w\":60,\"x\":220,\"h\":60,\"y\":40}",
      "step": "412f7fec-e67a-4bd8-b579-9e6201fcffa4",
      "stepType": "SCRIPT_STEP",
      "inputMappings": [
        {
          "inputPort": "input",
          "mapping": "${d306efe0-baee-44f5-b2ea-edbc6ba5381f.time}",
          "stepInput": "d77298bb-6bb5-4d38-ac47-b90c190d08dc"
        },
        {
          "inputPort": "input",
          "mapping": "America/New_York",
          "stepInput": "dbbaa114-56c1-49e8-b317-a9bb6d751cf8"
        },
        {
          "inputPort": "input",
          "mapping": "false",
          "stepInput": "35c725b6-734e-4938-b93e-1ae593c0a562"
        }
      ]
    },
    {
      "id": "d306efe0-baee-44f5-b2ea-edbc6ba5381f",
      "label": "Steps - Time Trigger",
      "environment": "HOSTED",
      "presentation": "{\"w\":60,\"x\":0,\"h\":60,\"y\":40}",
      "step": "a607ba2b-bc3d-4c3e-a82a-3ab8ed029d39",
      "stepType": "INTEGRATION"
    }
  ],
  "edges": [
    {
      "fromBlock": "d306efe0-baee-44f5-b2ea-edbc6ba5381f",
      "fromPort": "output",
      "toBlock": "d9d91012-6004-4c6d-bc5a-b26a68478287",
      "toPort": "input"
    }
  ]
}